moneda_ref,moneda,fecha_inicio,valor_c,valor_v,tipo,moneda_id,name
2,1,1993-05-31,99.000000,101.000000,,1,2_1_1993-05-31
1,2,1993-05-07,0.010600,0.010700,,2,1_2_1993-05-07
2,1,1993-05-07,106.000000,107.000000,,1,2_1_1993-05-07
1,2,1993-05-28,0.980000,1.025000,,2,1_2_1993-05-28
2,1,1993-05-28,98.000000,102.500000,,1,2_1_1993-05-28
1,2,1993-05-31,0.975000,1.002500,,2,1_2_1993-05-31
1,2,1993-06-02,0.009500,0.010000,,2,1_2_1993-06-02
2,1,1993-06-02,101.000000,102.250000,,1,2_1_1993-06-02
1,4,1993-06-30,0.050000,0.050000,,4,1_4_1993-06-30
1,2,1993-06-30,0.015000,0.015000,,2,1_2_1993-06-30
2,1,1993-06-30,100.000000,100.000000,,1,2_1_1993-06-30
1,3,1993-06-30,1.000000,1.000000,,3,1_3_1993-06-30
3,1,1993-06-30,0.010000,0.010000,,1,3_1_1993-06-30
4,1,1993-06-30,20.000000,20.000000,,1,4_1_1993-06-30
1,4,1993-09-24,0.200000,0.200000,1,4,1_4_1993-09-24
1,2,1993-09-24,0.007700,0.007700,1,2,1_2_1993-09-24
2,1,1993-09-24,130.000000,130.000000,1,1,2_1_1993-09-24
1,2,1993-12-31,0.013000,0.013000,2,2,1_2_1993-12-31
2,1,1993-12-31,130.000000,130.000000,2,1,2_1_1993-12-31
1,3,1993-12-31,0.010000,0.010000,2,3,1_3_1993-12-31
3,1,1993-12-31,0.010000,0.010000,2,1,3_1_1993-12-31
1,4,1994-11-07,25.000000,27.000000,1,4,1_4_1994-11-07
1,2,1994-11-07,0.007500,0.007500,1,2,1_2_1994-11-07
1,4,1994-03-23,0.050000,0.050000,1,4,1_4_1994-03-23
1,4,1994-03-08,0.050000,0.050000,1,4,1_4_1994-03-08
1,4,1993-12-31,0.040000,0.040000,2,4,1_4_1993-12-31
1,2,1994-03-08,0.007500,0.007500,1,2,1_2_1994-03-08
1,4,1993-12-31,0.040000,0.040000,1,4,1_4_1993-12-31
1,2,1993-12-31,0.013000,0.013000,1,2,1_2_1993-12-31
2,1,1993-12-31,130.000000,130.000000,1,1,2_1_1993-12-31
1,3,1993-12-31,0.010000,0.010000,1,3,1_3_1993-12-31
3,1,1993-12-31,0.010000,0.010000,1,1,3_1_1993-12-31
4,1,1993-12-31,20.000000,20.000000,1,1,4_1_1993-12-31
1,1,1993-12-31,1.000000,1.000000,1,1,1_1_1993-12-31
4,1,1993-12-31,20.000000,20.000000,2,1,4_1_1993-12-31
1,1,1993-12-31,1.000000,1.000000,2,1,1_1_1993-12-31
2,1,1994-03-08,130.000000,130.000000,1,1,2_1_1994-03-08
1,3,1994-03-08,0.001000,0.001000,1,3,1_3_1994-03-08
3,1,1994-03-08,0.100000,0.100000,1,1,3_1_1994-03-08
4,1,1994-03-08,20.000000,20.000000,1,1,4_1_1994-03-08
1,1,1994-03-08,1.000000,1.000000,1,1,1_1_1994-03-08
1,2,1994-03-23,0.007700,0.007700,2,2,1_2_1994-03-23
1,4,1994-03-15,0.050000,0.050000,2,4,1_4_1994-03-15
1,2,1994-03-15,0.006800,0.006800,2,2,1_2_1994-03-15
2,1,1994-03-15,147.000000,147.000000,2,1,2_1_1994-03-15
4,1,1994-03-15,20.000000,20.000000,2,1,4_1_1994-03-15
1,1,1994-03-15,1.000000,1.000000,2,1,1_1_1994-03-15
1,2,1994-03-23,0.007700,0.007700,1,2,1_2_1994-03-23
2,1,1994-03-23,130.000000,130.000000,2,1,2_1_1994-03-23
1,3,1994-03-23,1.200000,1.200000,1,3,1_3_1994-03-23
3,1,1994-03-23,0.008300,0.008300,1,1,3_1_1994-03-23
1,4,1994-03-23,0.050000,0.050000,2,4,1_4_1994-03-23
2,1,1994-03-23,130.000000,130.000000,1,1,2_1_1994-03-23
1,4,1994-03-22,0.050000,0.050000,1,4,1_4_1994-03-22
1,2,1994-03-22,0.007700,0.007700,1,2,1_2_1994-03-22
2,1,1994-03-22,130.000000,130.000000,1,1,2_1_1994-03-22
1,3,1994-03-22,1.200000,1.200000,1,3,1_3_1994-03-22
3,1,1994-03-22,0.008300,0.008300,1,1,3_1_1994-03-22
4,1,1994-03-22,20.000000,20.000000,1,1,4_1_1994-03-22
1,1,1994-03-22,1.000000,1.000000,1,1,1_1_1994-03-22
2,2,1994-03-22,1.000000,1.000000,1,2,2_2_1994-03-22
4,4,1994-03-22,1.000000,1.000000,1,4,4_4_1994-03-22
4,1,1994-03-23,20.000000,20.000000,1,1,4_1_1994-03-23
1,1,1994-03-23,1.000000,1.000000,1,1,1_1_1994-03-23
2,2,1994-03-23,1.000000,1.000000,1,2,2_2_1994-03-23
4,4,1994-03-23,1.000000,1.000000,1,4,4_4_1994-03-23
1,3,1994-03-23,1.200000,1.200000,2,3,1_3_1994-03-23
3,1,1994-03-23,0.008300,0.008300,2,1,3_1_1994-03-23
4,1,1994-03-23,20.000000,20.000000,2,1,4_1_1994-03-23
1,1,1994-03-23,1.000000,1.000000,2,1,1_1_1994-03-23
2,2,1994-03-23,1.000000,1.000000,2,2,2_2_1994-03-23
4,4,1994-03-23,1.000000,1.000000,2,4,4_4_1994-03-23
1,2,1994-04-07,0.007700,0.007700,2,2,1_2_1994-04-07
2,1,1994-04-07,130.000000,130.000000,2,1,2_1_1994-04-07
2,2,1994-04-07,1.000000,1.000000,2,2,2_2_1994-04-07
1,4,1994-04-29,0.050000,0.052500,2,4,1_4_1994-04-29
1,2,1994-04-29,0.007600,0.007700,2,2,1_2_1994-04-29
2,1,1994-04-29,130.000000,131.000000,2,1,2_1_1994-04-29
4,1,1994-04-29,20.000000,21.300000,2,1,4_1_1994-04-29
1,1,1994-04-29,1.000000,1.000000,2,1,1_1_1994-04-29
2,2,1994-04-29,1.000000,1.000000,2,2,2_2_1994-04-29
4,4,1994-04-29,1.000000,1.000000,2,4,4_4_1994-04-29
1,4,1994-05-30,1.000000,1.000000,1,4,1_4_1994-05-30
1,2,1994-05-30,1.000000,1.000000,1,2,1_2_1994-05-30
2,1,1994-05-30,1.000000,1.000000,1,1,2_1_1994-05-30
1,3,1994-05-30,0.010000,0.010000,1,3,1_3_1994-05-30
3,1,1994-05-30,1.000000,1.000000,1,1,3_1_1994-05-30
4,1,1994-05-30,1.000000,1.000000,1,1,4_1_1994-05-30
1,1,1994-05-30,1.000000,1.000000,1,1,1_1_1994-05-30
2,2,1994-05-30,1.000000,1.000000,1,2,2_2_1994-05-30
4,4,1994-05-30,1.000000,1.000000,1,4,4_4_1994-05-30
2,1,1994-06-01,130.000000,130.000000,1,1,2_1_1994-06-01
1,2,1994-06-01,0.007600,0.007600,1,2,1_2_1994-06-01
1,1,1994-06-01,1.000000,1.000000,1,1,1_1_1994-06-01
3,1,1994-06-01,0.084000,0.084000,1,1,3_1_1994-06-01
1,4,1994-06-01,0.050000,0.050000,1,4,1_4_1994-06-01
4,1,1994-06-01,20.000000,20.000000,1,1,4_1_1994-06-01
1,3,1994-06-01,0.840000,0.840000,1,3,1_3_1994-06-01
2,2,1994-06-01,1.000000,1.000000,1,2,2_2_1994-06-01
4,4,1994-06-01,1.000000,1.000000,1,4,4_4_1994-06-01
1,4,1994-05-30,1.000000,1.000000,2,4,1_4_1994-05-30
1,2,1994-05-30,1.000000,1.000000,2,2,1_2_1994-05-30
2,1,1994-05-30,1.000000,1.000000,2,1,2_1_1994-05-30
1,3,1994-05-30,0.010000,0.010000,2,3,1_3_1994-05-30
3,1,1994-05-30,1.000000,1.000000,2,1,3_1_1994-05-30
4,1,1994-05-30,1.000000,1.000000,2,1,4_1_1994-05-30
1,1,1994-05-30,1.000000,1.000000,2,1,1_1_1994-05-30
2,2,1994-05-30,1.000000,1.000000,2,2,2_2_1994-05-30
4,4,1994-05-30,1.000000,1.000000,2,4,4_4_1994-05-30
1,4,1994-05-31,1.000000,1.000000,1,4,1_4_1994-05-31
1,2,1994-05-31,1.000000,1.000000,1,2,1_2_1994-05-31
2,1,1994-05-31,1.000000,1.000000,1,1,2_1_1994-05-31
1,3,1994-05-31,0.010000,0.010000,1,3,1_3_1994-05-31
3,1,1994-05-31,1.000000,1.000000,1,1,3_1_1994-05-31
4,1,1994-05-31,1.000000,1.000000,1,1,4_1_1994-05-31
1,1,1994-05-31,1.000000,1.000000,1,1,1_1_1994-05-31
2,2,1994-05-31,1.000000,1.000000,1,2,2_2_1994-05-31
4,4,1994-05-31,1.000000,1.000000,1,4,4_4_1994-05-31
1,4,1994-07-07,0.045000,0.045000,2,4,1_4_1994-07-07
1,2,1994-07-07,0.007690,0.007690,2,2,1_2_1994-07-07
2,1,1994-07-07,130.000000,130.000000,2,1,2_1_1994-07-07
1,3,1994-07-07,1.200000,1.200000,2,3,1_3_1994-07-07
3,1,1994-07-07,0.085000,0.085000,2,1,3_1_1994-07-07
4,1,1994-07-07,24.000000,24.000000,2,1,4_1_1994-07-07
1,1,1994-07-07,1.000000,1.000000,2,1,1_1_1994-07-07
2,2,1994-07-07,1.000000,1.000000,2,2,2_2_1994-07-07
4,4,1994-07-07,1.000000,1.000000,2,4,4_4_1994-07-07
1,2,1994-12-31,0.007690,0.007690,1,2,1_2_1994-12-31
2,1,1994-09-21,130.000000,130.000000,2,1,2_1_1994-09-21
2,1,1994-12-31,130.000000,130.000000,1,1,2_1_1994-12-31
1,4,1994-07-15,0.040000,0.040000,1,4,1_4_1994-07-15
1,2,1994-07-15,0.010000,0.010000,1,2,1_2_1994-07-15
2,1,1994-07-15,100.000000,100.000000,1,1,2_1_1994-07-15
1,3,1994-07-15,0.120000,0.120000,1,3,1_3_1994-07-15
3,1,1994-07-15,0.120000,0.120000,1,1,3_1_1994-07-15
4,1,1994-07-15,25.000000,25.000000,1,1,4_1_1994-07-15
1,1,1994-07-15,1.000000,1.000000,1,1,1_1_1994-07-15
2,2,1994-07-15,1.000000,1.000000,1,2,2_2_1994-07-15
4,4,1994-07-15,1.000000,1.000000,1,4,4_4_1994-07-15
1,1,1994-12-31,1.000000,1.000000,1,1,1_1_1994-12-31
2,1,1994-11-07,123.000000,125.000000,1,1,2_1_1994-11-07
1,3,1994-11-07,0.120000,0.150000,1,3,1_3_1994-11-07
3,1,1994-11-07,0.005000,0.005000,1,1,3_1_1994-11-07
4,1,1994-11-07,26.000000,24.000000,1,1,4_1_1994-11-07
1,1,1994-11-07,1.000000,1.000000,1,1,1_1_1994-11-07
2,2,1994-11-07,1.000000,1.000000,1,2,2_2_1994-11-07
4,4,1994-11-07,1.000000,1.000000,1,4,4_4_1994-11-07
1,4,1994-11-28,0.040000,0.038500,2,4,1_4_1994-11-28
1,2,1994-11-28,0.008000,0.007500,2,2,1_2_1994-11-28
2,1,1994-11-28,129.000000,125.000000,2,1,2_1_1994-11-28
1,4,1994-11-28,0.040000,0.038500,1,4,1_4_1994-11-28
1,2,1994-11-28,0.008000,0.008500,1,2,1_2_1994-11-28
2,1,1994-11-28,129.000000,125.000000,1,1,2_1_1994-11-28
2,1,1995-01-25,0.760000,0.760000,2,1,2_1_1995-01-25
4,1,1995-01-25,20.000000,20.000000,2,1,4_1_1995-01-25
1,4,1995-02-02,0.008000,0.008000,2,4,1_4_1995-02-02
1,4,1994-11-08,0.041700,0.041700,2,4,1_4_1994-11-08
1,2,1994-11-08,0.007800,0.007800,2,2,1_2_1994-11-08
2,1,1994-11-08,128.000000,128.000000,2,1,2_1_1994-11-08
1,3,1994-11-08,10.000000,10.000000,2,3,1_3_1994-11-08
3,1,1994-11-08,0.000800,0.000800,2,1,3_1_1994-11-08
4,1,1994-11-08,24.000000,24.000000,2,1,4_1_1994-11-08
1,1,1994-11-08,1.000000,1.000000,2,1,1_1_1994-11-08
2,2,1994-11-08,1.000000,1.000000,2,2,2_2_1994-11-08
4,4,1994-11-08,1.000000,1.000000,2,4,4_4_1994-11-08
1,2,1995-02-02,0.007600,0.007600,2,2,1_2_1995-02-02
1,4,1994-02-02,0.000100,0.000100,2,4,1_4_1994-02-02
1,2,1994-02-02,0.007600,0.007600,2,2,1_2_1994-02-02
2,1,1994-02-02,140.000000,140.000000,2,1,2_1_1994-02-02
4,1,1994-02-02,20.000000,20.000000,2,1,4_1_1994-02-02
2,1,1995-02-02,140.000000,140.000000,2,1,2_1_1995-02-02
1,4,1995-01-23,0.040000,0.035000,1,4,1_4_1995-01-23
1,2,1995-01-23,0.008000,0.005000,1,2,1_2_1995-01-23
2,1,1995-01-23,120.000000,120.000000,1,1,2_1_1995-01-23
1,3,1995-01-23,12.000000,12.000000,1,3,1_3_1995-01-23
3,1,1995-01-23,0.120000,0.120000,1,1,3_1_1995-01-23
4,1,1995-01-23,25.000000,25.000000,1,1,4_1_1995-01-23
1,1,1995-01-23,1.000000,1.000000,1,1,1_1_1995-01-23
2,2,1995-01-23,1.000000,1.000000,1,2,2_2_1995-01-23
4,4,1995-01-23,1.000000,1.000000,1,4,4_4_1995-01-23
1,3,1995-02-02,0.008300,0.008300,2,3,1_3_1995-02-02
3,1,1995-02-02,10.000000,10.000000,2,1,3_1_1995-02-02
4,1,1995-02-02,20.000000,20.000000,2,1,4_1_1995-02-02
1,1,1995-02-02,1.000000,1.000000,2,1,1_1_1995-02-02
2,2,1995-02-02,1.000000,1.000000,2,2,2_2_1995-02-02
4,4,1995-02-02,1.000000,1.000000,2,4,4_4_1995-02-02
1,4,1995-12-31,0.040000,0.040000,2,4,1_4_1995-12-31
1,2,1995-12-31,0.008300,0.008300,2,2,1_2_1995-12-31
2,1,1995-12-31,118.000000,120.000000,2,1,2_1_1995-12-31
1,3,1995-12-31,12.000000,13.000000,2,3,1_3_1995-12-31
3,1,1995-12-31,0.120000,0.120000,2,1,3_1_1995-12-31
4,1,1995-12-31,19.000000,20.000000,2,1,4_1_1995-12-31
1,1,1995-12-31,1.000000,1.000000,2,1,1_1_1995-12-31
2,2,1995-12-31,1.000000,2.000000,2,2,2_2_1995-12-31
4,4,1995-12-31,1.000000,1.000000,2,4,4_4_1995-12-31
1,4,1995-02-22,0.050000,0.050000,1,4,1_4_1995-02-22
1,2,1995-02-22,0.008000,0.008000,1,2,1_2_1995-02-22
2,1,1995-02-22,120.000000,120.000000,1,1,2_1_1995-02-22
1,3,1995-02-22,12.000000,12.000000,1,3,1_3_1995-02-22
3,1,1995-02-22,0.120000,0.120000,1,1,3_1_1995-02-22
4,1,1995-02-22,20.000000,20.000000,1,1,4_1_1995-02-22
1,1,1995-02-22,1.000000,1.000000,1,1,1_1_1995-02-22
2,2,1995-02-22,1.000000,1.000000,1,2,2_2_1995-02-22
4,4,1995-02-22,1.000000,1.000000,1,4,4_4_1995-02-22
1,4,1995-05-10,0.200000,0.200000,2,4,1_4_1995-05-10
1,2,1995-05-10,0.009000,0.009000,2,2,1_2_1995-05-10
2,1,1995-05-10,110.000000,110.000000,2,1,2_1_1995-05-10
1,3,1995-05-10,1.200000,1.200000,2,3,1_3_1995-05-10
3,1,1995-05-10,0.012000,0.012000,2,1,3_1_1995-05-10
4,1,1995-05-10,20.000000,20.000000,2,1,4_1_1995-05-10
1,1,1995-05-10,1.000000,1.000000,2,1,1_1_1995-05-10
2,2,1995-05-10,1.000000,1.000000,2,2,2_2_1995-05-10
4,4,1995-05-10,1.000000,1.000000,2,4,4_4_1995-05-10
1,4,1995-02-22,0.200000,0.200000,2,4,1_4_1995-02-22
1,2,1995-02-22,0.008000,0.008000,2,2,1_2_1995-02-22
2,1,1995-02-22,120.000000,120.000000,2,1,2_1_1995-02-22
1,3,1995-02-22,12.000000,12.000000,2,3,1_3_1995-02-22
3,1,1995-02-22,0.120000,0.120000,2,1,3_1_1995-02-22
4,1,1995-02-22,20.000000,20.000000,2,1,4_1_1995-02-22
1,1,1995-02-22,1.000000,1.000000,2,1,1_1_1995-02-22
2,2,1995-02-22,1.000000,1.000000,2,2,2_2_1995-02-22
4,4,1995-02-22,1.000000,1.000000,2,4,4_4_1995-02-22
1,4,1995-05-10,0.050000,0.050000,1,4,1_4_1995-05-10
1,2,1995-05-10,0.009000,0.009000,1,2,1_2_1995-05-10
2,1,1995-05-10,110.000000,110.000000,1,1,2_1_1995-05-10
1,3,1995-05-10,1.200000,1.200000,1,3,1_3_1995-05-10
3,1,1995-05-10,0.012000,0.012000,1,1,3_1_1995-05-10
4,1,1995-05-10,20.000000,20.000000,1,1,4_1_1995-05-10
1,1,1995-05-10,1.000000,1.000000,1,1,1_1_1995-05-10
2,2,1995-05-10,1.000000,1.000000,1,2,2_2_1995-05-10
4,4,1995-05-10,1.000000,1.000000,1,4,4_4_1995-05-10
1,4,1995-05-11,0.050000,0.050000,2,4,1_4_1995-05-11
1,2,1995-05-11,0.009000,0.009000,2,2,1_2_1995-05-11
2,1,1995-05-11,120.000000,120.000000,2,1,2_1_1995-05-11
1,3,1995-05-11,12.000000,12.000000,2,3,1_3_1995-05-11
3,1,1995-05-11,0.120000,0.120000,2,1,3_1_1995-05-11
4,1,1995-05-11,20.000000,20.000000,2,1,4_1_1995-05-11
1,1,1995-05-11,1.000000,1.000000,2,1,1_1_1995-05-11
2,2,1995-05-11,1.000000,1.000000,2,2,2_2_1995-05-11
4,4,1995-05-11,1.000000,1.000000,2,4,4_4_1995-05-11
1,4,1995-05-11,0.050000,0.050000,1,4,1_4_1995-05-11
1,2,1995-05-11,0.009000,0.009000,1,2,1_2_1995-05-11
2,1,1995-05-11,120.000000,120.000000,1,1,2_1_1995-05-11
1,3,1995-05-11,12.000000,12.000000,1,3,1_3_1995-05-11
3,1,1995-05-11,0.120000,0.120000,1,1,3_1_1995-05-11
4,1,1995-05-11,20.000000,20.000000,1,1,4_1_1995-05-11
1,1,1995-05-11,1.000000,1.000000,1,1,1_1_1995-05-11
2,2,1995-05-11,1.000000,1.000000,1,2,2_2_1995-05-11
4,4,1995-05-11,1.000000,1.000000,1,4,4_4_1995-05-11
1,4,1995-05-12,0.050000,0.060000,2,4,1_4_1995-05-12
1,2,1995-05-12,0.009000,0.009000,2,2,1_2_1995-05-12
2,1,1995-05-12,120.000000,120.000000,2,1,2_1_1995-05-12
1,3,1995-05-12,12.000000,12.000000,2,3,1_3_1995-05-12
3,1,1995-05-12,0.120000,0.120000,2,1,3_1_1995-05-12
4,1,1995-05-12,20.000000,20.000000,2,1,4_1_1995-05-12
1,1,1995-05-12,1.000000,1.000000,2,1,1_1_1995-05-12
2,2,1995-05-12,1.000000,1.000000,2,2,2_2_1995-05-12
4,4,1995-05-12,1.000000,1.000000,2,4,4_4_1995-05-12
1,4,1995-05-12,0.050000,0.050000,1,4,1_4_1995-05-12
1,2,1995-05-12,0.009000,0.009000,1,2,1_2_1995-05-12
2,1,1995-05-12,120.000000,120.000000,1,1,2_1_1995-05-12
1,3,1995-05-12,12.000000,12.000000,1,3,1_3_1995-05-12
3,1,1995-05-12,0.120000,0.120000,1,1,3_1_1995-05-12
4,1,1995-05-12,20.000000,20.000000,1,1,4_1_1995-05-12
1,1,1995-05-12,1.000000,1.000000,1,1,1_1_1995-05-12
2,2,1995-05-12,1.000000,1.000000,1,2,2_2_1995-05-12
4,4,1995-05-12,1.000000,1.000000,1,4,4_4_1995-05-12
1,5,1995-05-12,0.012500,0.012500,1,5,1_5_1995-05-12
1,5,1995-05-12,0.012500,0.012500,2,5,1_5_1995-05-12
1,4,1995-12-31,0.050000,0.050000,1,4,1_4_1995-12-31
1,2,1995-12-31,0.008300,0.008300,1,2,1_2_1995-12-31
2,1,1995-12-31,120.000000,120.000000,1,1,2_1_1995-12-31
1,3,1995-12-31,12.000000,12.000000,1,3,1_3_1995-12-31
3,1,1995-12-31,0.120000,0.120000,1,1,3_1_1995-12-31
4,1,1995-12-31,20.000000,20.000000,1,1,4_1_1995-12-31
1,1,1995-12-31,1.000000,1.000000,1,1,1_1_1995-12-31
2,2,1995-12-31,1.000000,1.000000,1,2,2_2_1995-12-31
4,4,1995-12-31,1.000000,1.000000,1,4,4_4_1995-12-31
1,5,1995-12-31,0.012500,0.012500,1,5,1_5_1995-12-31
1,4,1995-06-28,0.050000,0.060000,2,4,1_4_1995-06-28
1,2,1995-06-28,0.009000,0.009000,2,2,1_2_1995-06-28
2,1,1995-06-28,120.000000,120.000000,2,1,2_1_1995-06-28
1,3,1995-06-28,12.000000,12.000000,2,3,1_3_1995-06-28
3,1,1995-06-28,0.120000,0.120000,2,1,3_1_1995-06-28
4,1,1995-06-28,20.000000,20.000000,2,1,4_1_1995-06-28
1,1,1995-06-28,1.000000,1.000000,2,1,1_1_1995-06-28
2,2,1995-06-28,1.000000,1.000000,2,2,2_2_1995-06-28
4,4,1995-06-28,1.000000,1.000000,2,4,4_4_1995-06-28
1,5,1995-12-31,0.013000,0.012400,2,5,1_5_1995-12-31
2,1,1996-01-25,0.760000,0.760000,2,1,2_1_1996-01-25
4,1,1996-01-25,20.000000,20.000000,2,1,4_1_1996-01-25
1,4,1996-02-02,0.008000,0.008000,2,4,1_4_1996-02-02
1,2,1996-02-02,0.007600,0.007600,2,2,1_2_1996-02-02
2,1,1996-02-02,140.000000,140.000000,2,1,2_1_1996-02-02
1,4,1996-01-23,0.040000,0.035000,1,4,1_4_1996-01-23
1,2,1996-01-23,0.008000,0.005000,1,2,1_2_1996-01-23
2,1,1996-01-23,120.000000,120.000000,1,1,2_1_1996-01-23
1,3,1996-01-23,12.000000,12.000000,1,3,1_3_1996-01-23
3,1,1996-01-23,0.120000,0.120000,1,1,3_1_1996-01-23
4,1,1996-01-23,25.000000,25.000000,1,1,4_1_1996-01-23
1,1,1996-01-23,1.000000,1.000000,1,1,1_1_1996-01-23
2,2,1996-01-23,1.000000,1.000000,1,2,2_2_1996-01-23
4,4,1996-01-23,1.000000,1.000000,1,4,4_4_1996-01-23
1,3,1996-02-02,0.008300,0.008300,2,3,1_3_1996-02-02
3,1,1996-02-02,10.000000,10.000000,2,1,3_1_1996-02-02
4,1,1996-02-02,20.000000,20.000000,2,1,4_1_1996-02-02
1,1,1996-02-02,1.000000,1.000000,2,1,1_1_1996-02-02
2,2,1996-02-02,1.000000,1.000000,2,2,2_2_1996-02-02
4,4,1996-02-02,1.000000,1.000000,2,4,4_4_1996-02-02
1,4,1996-12-31,0.040000,0.040000,2,4,1_4_1996-12-31
1,2,1996-12-31,0.008300,0.008300,2,2,1_2_1996-12-31
2,1,1996-12-31,118.000000,120.000000,2,1,2_1_1996-12-31
1,3,1996-12-31,12.000000,13.000000,2,3,1_3_1996-12-31
3,1,1996-12-31,0.120000,0.120000,2,1,3_1_1996-12-31
4,1,1996-12-31,19.000000,20.000000,2,1,4_1_1996-12-31
1,1,1996-12-31,1.000000,1.000000,2,1,1_1_1996-12-31
2,2,1996-12-31,1.000000,2.000000,2,2,2_2_1996-12-31
4,4,1996-12-31,1.000000,1.000000,2,4,4_4_1996-12-31
1,4,1996-02-22,0.050000,0.050000,1,4,1_4_1996-02-22
1,2,1996-02-22,0.008000,0.008000,1,2,1_2_1996-02-22
2,1,1996-02-22,120.000000,120.000000,1,1,2_1_1996-02-22
1,3,1996-02-22,12.000000,12.000000,1,3,1_3_1996-02-22
3,1,1996-02-22,0.120000,0.120000,1,1,3_1_1996-02-22
4,1,1996-02-22,20.000000,20.000000,1,1,4_1_1996-02-22
1,1,1996-02-22,1.000000,1.000000,1,1,1_1_1996-02-22
2,2,1996-02-22,1.000000,1.000000,1,2,2_2_1996-02-22
4,4,1996-02-22,1.000000,1.000000,1,4,4_4_1996-02-22
1,4,1996-05-10,0.200000,0.200000,2,4,1_4_1996-05-10
1,2,1996-05-10,0.009000,0.009000,2,2,1_2_1996-05-10
2,1,1996-05-10,110.000000,110.000000,2,1,2_1_1996-05-10
1,3,1996-05-10,1.200000,1.200000,2,3,1_3_1996-05-10
3,1,1996-05-10,0.012000,0.012000,2,1,3_1_1996-05-10
4,1,1996-05-10,20.000000,20.000000,2,1,4_1_1996-05-10
1,1,1996-05-10,1.000000,1.000000,2,1,1_1_1996-05-10
2,2,1996-05-10,1.000000,1.000000,2,2,2_2_1996-05-10
4,4,1996-05-10,1.000000,1.000000,2,4,4_4_1996-05-10
1,4,1996-02-22,0.200000,0.200000,2,4,1_4_1996-02-22
1,2,1996-02-22,0.008000,0.008000,2,2,1_2_1996-02-22
2,1,1996-02-22,120.000000,120.000000,2,1,2_1_1996-02-22
1,3,1996-02-22,12.000000,12.000000,2,3,1_3_1996-02-22
3,1,1996-02-22,0.120000,0.120000,2,1,3_1_1996-02-22
4,1,1996-02-22,20.000000,20.000000,2,1,4_1_1996-02-22
1,1,1996-02-22,1.000000,1.000000,2,1,1_1_1996-02-22
2,2,1996-02-22,1.000000,1.000000,2,2,2_2_1996-02-22
4,4,1996-02-22,1.000000,1.000000,2,4,4_4_1996-02-22
1,4,1996-05-10,0.050000,0.050000,1,4,1_4_1996-05-10
1,2,1996-05-10,0.009000,0.009000,1,2,1_2_1996-05-10
2,1,1996-05-10,110.000000,110.000000,1,1,2_1_1996-05-10
1,3,1996-05-10,1.200000,1.200000,1,3,1_3_1996-05-10
3,1,1996-05-10,0.012000,0.012000,1,1,3_1_1996-05-10
4,1,1996-05-10,20.000000,20.000000,1,1,4_1_1996-05-10
1,1,1996-05-10,1.000000,1.000000,1,1,1_1_1996-05-10
2,2,1996-05-10,1.000000,1.000000,1,2,2_2_1996-05-10
4,4,1996-05-10,1.000000,1.000000,1,4,4_4_1996-05-10
1,4,1996-05-11,0.050000,0.050000,2,4,1_4_1996-05-11
1,2,1996-05-11,0.009000,0.009000,2,2,1_2_1996-05-11
2,1,1996-05-11,120.000000,120.000000,2,1,2_1_1996-05-11
1,3,1996-05-11,12.000000,12.000000,2,3,1_3_1996-05-11
3,1,1996-05-11,0.120000,0.120000,2,1,3_1_1996-05-11
4,1,1996-05-11,20.000000,20.000000,2,1,4_1_1996-05-11
1,1,1996-05-11,1.000000,1.000000,2,1,1_1_1996-05-11
2,2,1996-05-11,1.000000,1.000000,2,2,2_2_1996-05-11
4,4,1996-05-11,1.000000,1.000000,2,4,4_4_1996-05-11
1,4,1996-05-11,0.050000,0.050000,1,4,1_4_1996-05-11
1,2,1996-05-11,0.009000,0.009000,1,2,1_2_1996-05-11
2,1,1996-05-11,120.000000,120.000000,1,1,2_1_1996-05-11
1,3,1996-05-11,12.000000,12.000000,1,3,1_3_1996-05-11
3,1,1996-05-11,0.120000,0.120000,1,1,3_1_1996-05-11
4,1,1996-05-11,20.000000,20.000000,1,1,4_1_1996-05-11
1,1,1996-05-11,1.000000,1.000000,1,1,1_1_1996-05-11
2,2,1996-05-11,1.000000,1.000000,1,2,2_2_1996-05-11
4,4,1996-05-11,1.000000,1.000000,1,4,4_4_1996-05-11
1,4,1996-05-12,0.050000,0.060000,2,4,1_4_1996-05-12
1,2,1996-05-12,0.009000,0.009000,2,2,1_2_1996-05-12
2,1,1996-05-12,120.000000,120.000000,2,1,2_1_1996-05-12
1,3,1996-05-12,12.000000,12.000000,2,3,1_3_1996-05-12
3,1,1996-05-12,0.120000,0.120000,2,1,3_1_1996-05-12
4,1,1996-05-12,20.000000,20.000000,2,1,4_1_1996-05-12
1,1,1996-05-12,1.000000,1.000000,2,1,1_1_1996-05-12
2,2,1996-05-12,1.000000,1.000000,2,2,2_2_1996-05-12
4,4,1996-05-12,1.000000,1.000000,2,4,4_4_1996-05-12
1,4,1996-05-12,0.050000,0.050000,1,4,1_4_1996-05-12
1,2,1996-05-12,0.009000,0.009000,1,2,1_2_1996-05-12
2,1,1996-05-12,120.000000,120.000000,1,1,2_1_1996-05-12
1,3,1996-05-12,12.000000,12.000000,1,3,1_3_1996-05-12
3,1,1996-05-12,0.120000,0.120000,1,1,3_1_1996-05-12
4,1,1996-05-12,20.000000,20.000000,1,1,4_1_1996-05-12
1,1,1996-05-12,1.000000,1.000000,1,1,1_1_1996-05-12
2,2,1996-05-12,1.000000,1.000000,1,2,2_2_1996-05-12
4,4,1996-05-12,1.000000,1.000000,1,4,4_4_1996-05-12
1,5,1996-05-12,0.012500,0.012500,1,5,1_5_1996-05-12
1,5,1996-05-12,0.012500,0.012500,2,5,1_5_1996-05-12
1,4,1996-12-31,0.050000,0.050000,1,4,1_4_1996-12-31
1,2,1996-12-31,0.008300,0.008300,1,2,1_2_1996-12-31
2,1,1996-12-31,120.000000,120.000000,1,1,2_1_1996-12-31
1,3,1996-12-31,12.000000,12.000000,1,3,1_3_1996-12-31
3,1,1996-12-31,0.120000,0.120000,1,1,3_1_1996-12-31
4,1,1996-12-31,20.000000,20.000000,1,1,4_1_1996-12-31
1,1,1996-12-31,1.000000,1.000000,1,1,1_1_1996-12-31
2,2,1996-12-31,1.000000,1.000000,1,2,2_2_1996-12-31
4,4,1996-12-31,1.000000,1.000000,1,4,4_4_1996-12-31
1,5,1996-12-31,0.012500,0.012500,1,5,1_5_1996-12-31
1,4,1996-06-28,0.050000,0.060000,2,4,1_4_1996-06-28
1,2,1996-06-28,0.009000,0.009000,2,2,1_2_1996-06-28
2,1,1996-06-28,120.000000,120.000000,2,1,2_1_1996-06-28
1,3,1996-06-28,12.000000,12.000000,2,3,1_3_1996-06-28
3,1,1996-06-28,0.120000,0.120000,2,1,3_1_1996-06-28
4,1,1996-06-28,20.000000,20.000000,2,1,4_1_1996-06-28
1,1,1996-06-28,1.000000,1.000000,2,1,1_1_1996-06-28
2,2,1996-06-28,1.000000,1.000000,2,2,2_2_1996-06-28
4,4,1996-06-28,1.000000,1.000000,2,4,4_4_1996-06-28
1,5,1996-12-31,0.013000,0.012400,2,5,1_5_1996-12-31
6,1,1998-10-08,167.853000,167.853000,1,1,6_1_1998-10-08
1,1,1997-12-31,1.000000,1.000000,1,1,1_1_1997-12-31
1,1,1997-01-17,1.000000,1.000000,1,1,1_1_1997-01-17
1,1,1998-12-31,1.000000,1.000000,2,1,1_1_1998-12-31
6,1,1998-10-08,167.853000,167.853000,2,1,6_1_1998-10-08
1,6,1998-10-08,0.005958,0.005957,2,6,1_6_1998-10-08
1,6,1998-10-08,0.005957,0.005957,1,6,1_6_1998-10-08
9,1,1998-12-31,168.000000,168.000000,2,1,9_1_1998-12-31
1,9,1998-12-31,168.000000,168.000000,2,9,1_9_1998-12-31
1,1,1998-12-31,1.000000,1.000000,1,1,1_1_1998-12-31
9,1,1998-12-31,168.000000,168.000000,1,1,9_1_1998-12-31
1,9,1998-12-31,168.000000,168.000000,1,9,1_9_1998-12-31
1,2,1999-05-05,0.006329,0.006329,2,2,1_2_1999-05-05
2,1,1999-05-05,157.983000,157.983000,2,1,2_1_1999-05-05
1,2,1999-12-31,0.006400,0.006430,1,2,1_2_1999-12-31
2,1,1999-12-31,155.530000,155.530000,1,1,2_1_1999-12-31
1,2,1999-12-31,0.006400,0.006430,2,2,1_2_1999-12-31
1,2,2000-12-31,0.006400,0.006400,1,2,1_2_2000-12-31
2,1,2000-12-31,155.530000,155.530000,1,1,2_1_2000-12-31
1,1,2000-12-31,1.000000,1.000000,1,1,1_1_2000-12-31
1,5,2000-12-31,0.011800,0.011800,1,5,1_5_2000-12-31
9,1,2000-12-31,166.386000,166.386000,1,1,9_1_2000-12-31
1,9,2000-12-31,166.386000,166.386000,1,9,1_9_2000-12-31
1,5,1999-07-01,0.008507,0.008507,2,5,1_5_1999-07-01
5,1,1999-07-01,85.071800,85.071800,2,1,5_1_1999-07-01
1,1,1999-01-01,1.000000,1.000000,2,1,1_1_1999-01-01
1,5,1999-07-01,0.008507,0.008507,1,5,1_5_1999-07-01
5,1,1999-07-01,85.071800,85.071800,1,1,5_1_1999-07-01
7,1,1999-05-13,253.000000,253.000000,2,1,7_1_1999-05-13
2,1,1999-12-31,155.530000,155.530000,2,1,2_1_1999-12-31
1,2,2002-01-01,0.005600,0.005600,2,2,1_2_2002-01-01
7,1,2000-12-31,257.144000,257.144000,1,1,7_1_2000-12-31
1,7,2000-12-31,0.003900,0.003900,1,7,1_7_2000-12-31
1,7,1999-05-13,0.003952,0.003952,2,7,1_7_1999-05-13
2,1,2002-01-01,179.882000,179.882000,2,1,2_1_2002-01-01
7,1,1999-05-13,253.000000,253.000000,1,1,7_1_1999-05-13
1,3,2002-01-01,12.000000,12.000000,2,3,1_3_2002-01-01
1,1,1999-12-31,1.000000,1.000000,1,1,1_1_1999-12-31
1,5,1999-12-31,0.011800,0.011755,1,5,1_5_1999-12-31
1,2,1999-05-15,0.006340,0.006340,2,2,1_2_1999-05-15
1,7,1999-05-13,0.003952,0.003952,1,7,1_7_1999-05-13
2,1,1999-05-15,157.372900,157.372900,2,1,2_1_1999-05-15
9,1,1999-01-01,166.386000,166.386000,2,1,9_1_1999-01-01
1,9,1999-01-01,0.006010,0.006010,2,9,1_9_1999-01-01
1,2,1999-05-05,0.006329,0.006329,1,2,1_2_1999-05-05
2,1,1999-05-05,157.983000,157.983000,1,1,2_1_1999-05-05
7,1,1999-05-15,251.545700,251.545700,2,1,7_1_1999-05-15
1,7,1999-05-15,0.003975,0.003975,2,7,1_7_1999-05-15
1,2,1999-06-02,0.006340,0.006340,1,2,1_2_1999-06-02
2,1,1999-06-02,157.372900,157.372900,1,1,2_1_1999-06-02
7,1,1999-06-02,251.545700,251.545700,1,1,7_1_1999-06-02
1,7,1999-06-02,0.003975,0.003975,1,7,1_7_1999-06-02
1,2,1999-05-15,0.006340,0.006340,1,2,1_2_1999-05-15
2,1,1999-05-15,157.372900,157.372900,1,1,2_1_1999-05-15
7,1,1999-05-15,251.545700,251.545700,1,1,7_1_1999-05-15
1,7,1999-05-15,0.003975,0.003975,1,7,1_7_1999-05-15
1,2,1999-06-02,0.006340,0.006340,2,2,1_2_1999-06-02
2,1,1999-06-02,157.372900,157.372900,2,1,2_1_1999-06-02
7,1,1999-06-02,251.545700,251.545700,2,1,7_1_1999-06-02
1,7,1999-06-02,0.003975,0.003975,2,7,1_7_1999-06-02
9,1,1999-12-31,166.386000,166.386000,1,1,9_1_1999-12-31
1,9,1999-12-31,166.386000,166.386000,1,9,1_9_1999-12-31
7,1,1999-12-31,257.144000,257.144000,1,1,7_1_1999-12-31
1,7,1999-12-31,0.003900,0.003889,1,7,1_7_1999-12-31
1,1,1999-12-31,1.000000,1.000000,2,1,1_1_1999-12-31
1,5,1999-12-31,0.011800,0.011755,2,5,1_5_1999-12-31
9,1,1999-12-31,166.386000,166.386000,2,1,9_1_1999-12-31
1,9,1999-12-31,166.383000,166.386000,2,9,1_9_1999-12-31
7,1,1999-12-31,257.144000,257.144000,2,1,7_1_1999-12-31
1,7,1999-12-31,0.003900,0.003889,2,7,1_7_1999-12-31
5,1,1999-12-31,85.071800,85.071810,1,1,5_1_1999-12-31
5,1,1999-12-31,85.071800,85.071810,2,1,5_1_1999-12-31
5,1,2000-12-31,85.071800,85.071800,1,1,5_1_2000-12-31
1,2,2000-12-31,0.006400,0.006400,2,2,1_2_2000-12-31
2,1,2000-12-31,155.530000,155.530000,2,1,2_1_2000-12-31
1,1,2000-12-31,1.000000,1.000000,2,1,1_1_2000-12-31
1,5,2000-12-31,0.011800,0.011800,2,5,1_5_2000-12-31
9,1,2000-12-31,166.386000,166.386000,2,1,9_1_2000-12-31
1,9,2000-12-31,166.386000,166.386000,2,9,1_9_2000-12-31
7,1,2000-12-31,257.144000,257.144000,2,1,7_1_2000-12-31
1,7,2000-12-31,0.003900,0.003900,2,7,1_7_2000-12-31
5,1,2000-12-31,85.071800,85.071800,2,1,5_1_2000-12-31
1,1,1999-01-01,1.000000,1.000000,1,1,1_1_1999-01-01
9,1,1999-01-01,166.386000,166.386000,1,1,9_1_1999-01-01
1,9,1999-01-01,0.006010,0.006010,1,9,1_9_1999-01-01
1,2,2001-12-31,0.005600,0.005550,1,2,1_2_2001-12-31
2,1,2001-12-31,179.882000,179.882000,1,1,2_1_2001-12-31
1,3,2001-12-31,12.000000,12.000000,1,3,1_3_2001-12-31
3,1,2001-12-31,0.120000,0.120000,1,1,3_1_2001-12-31
4,1,2001-12-31,20.000000,20.000000,1,1,4_1_2001-12-31
1,1,2001-12-31,1.000000,1.000000,1,1,1_1_2001-12-31
1,5,2001-12-31,0.011800,0.011750,1,5,1_5_2001-12-31
9,1,2003-12-31,166.386000,166.386000,2,1,9_1_2003-12-31
1,2,2001-12-31,0.005600,0.005600,2,2,1_2_2001-12-31
7,1,2001-04-25,0.003700,0.003700,2,1,7_1_2001-04-25
1,7,2001-04-25,268.278000,268.278000,2,7,1_7_2001-04-25
7,1,2001-04-25,268.278000,268.278000,1,1,7_1_2001-04-25
1,7,2001-04-25,0.003700,0.003700,1,7,1_7_2001-04-25
7,1,2001-10-01,248.716000,248.716000,2,1,7_1_2001-10-01
1,7,2001-10-01,0.004000,0.004000,2,7,1_7_2001-10-01
9,1,2001-12-31,166.386000,166.386000,1,1,9_1_2001-12-31
1,9,2001-12-31,166.386000,166.386000,1,9,1_9_2001-12-31
1,9,2003-12-31,166.386000,166.386000,2,9,1_9_2003-12-31
9,7,2003-12-31,0.612300,0.612300,2,7,9_7_2003-12-31
1,2,2001-10-31,0.006400,0.006400,2,2,1_2_2001-10-31
2,1,2001-10-31,156.082000,156.082000,2,1,2_1_2001-10-31
1,1,2002-12-31,1.000000,1.000000,2,1,1_1_2002-12-31
9,1,2002-12-31,166.386000,166.386000,2,1,9_1_2002-12-31
1,9,2002-12-31,166.386000,166.386000,2,9,1_9_2002-12-31
9,7,2002-12-31,0.612261,0.612261,2,7,9_7_2002-12-31
9,2,2002-12-31,0.897387,0.897387,2,2,9_2_2002-12-31
9,4,2002-12-31,6.559570,6.559570,2,4,9_4_2002-12-31
9,5,2002-12-31,1.955830,1.955830,2,5,9_5_2002-12-31
9,3,2002-12-31,1936.270000,1936.270000,2,3,9_3_2002-12-31
3,1,2002-01-01,0.120000,0.120000,2,1,3_1_2002-01-01
4,1,2002-01-01,20.000000,20.000000,2,1,4_1_2002-01-01
1,1,2002-01-01,1.000000,1.000000,2,1,1_1_2002-01-01
1,5,2002-01-01,0.011800,0.011800,2,5,1_5_2002-01-01
1,5,2001-10-31,0.011750,0.011750,2,5,1_5_2001-10-31
7,1,2001-10-31,248.716000,248.716000,2,1,7_1_2001-10-31
1,7,2001-10-31,0.004000,0.004000,2,7,1_7_2001-10-31
5,1,2001-10-31,85.072000,85.072000,2,1,5_1_2001-10-31
2,1,2001-12-31,179.882000,179.882000,2,1,2_1_2001-12-31
1,3,2001-12-31,12.000000,12.000000,2,3,1_3_2001-12-31
9,2,2003-12-31,0.897400,0.897400,2,2,9_2_2003-12-31
2,9,2003-12-31,0.897400,0.897400,2,9,2_9_2003-12-31
7,9,2003-12-31,0.612300,0.612300,2,9,7_9_2003-12-31
9,9,2003-12-31,1.000000,1.000000,2,9,9_9_2003-12-31
3,1,2001-12-31,0.120000,0.120000,2,1,3_1_2001-12-31
4,1,2001-12-31,20.000000,20.000000,2,1,4_1_2001-12-31
1,1,2001-12-31,1.000000,1.000000,2,1,1_1_2001-12-31
1,5,2001-12-31,0.011800,0.011800,2,5,1_5_2001-12-31
9,1,2001-12-31,166.386000,166.386000,2,1,9_1_2001-12-31
7,1,2001-12-31,268.623000,268.263000,1,1,7_1_2001-12-31
1,7,2001-12-31,0.003700,0.003700,1,7,1_7_2001-12-31
5,1,2001-12-31,85.071800,85.071800,1,1,5_1_2001-12-31
9,2,2003-12-31,0.897400,0.897400,1,2,9_2_2003-12-31
2,9,2002-12-31,0.897387,0.897387,2,9,2_9_2002-12-31
5,9,2002-12-31,1.955830,1.955830,2,9,5_9_2002-12-31
7,9,2002-12-31,0.612261,0.612261,2,9,7_9_2002-12-31
2,9,2003-12-31,0.897400,0.897400,1,9,2_9_2003-12-31
7,9,2003-12-31,0.612300,0.612300,1,9,7_9_2003-12-31
9,9,2003-12-31,1.000000,1.000000,1,9,9_9_2003-12-31
1,9,2004-01-01,166.386000,166.386000,1,9,1_9_2004-01-01
9,1,2004-01-01,166.386000,166.386000,2,1,9_1_2004-01-01
3,9,2002-12-31,1936.270000,1936.270000,2,9,3_9_2002-12-31
9,7,2001-12-31,0.612261,0.612261,1,7,9_7_2001-12-31
9,2,2001-12-31,0.897387,0.897387,1,2,9_2_2001-12-31
9,4,2001-12-31,6.559570,6.559570,1,4,9_4_2001-12-31
9,5,2001-12-31,1.955830,1.955830,1,5,9_5_2001-12-31
9,3,2001-12-31,1936.270000,1936.270000,1,3,9_3_2001-12-31
9,1,2002-01-01,166.386000,166.386000,2,1,9_1_2002-01-01
1,9,2001-12-31,166.386000,166.386000,2,9,1_9_2001-12-31
7,1,2001-12-31,268.623000,268.623000,2,1,7_1_2001-12-31
1,7,2001-12-31,0.003700,0.003700,2,7,1_7_2001-12-31
5,1,2001-12-31,85.071800,85.071800,2,1,5_1_2001-12-31
9,7,2001-12-31,0.612261,0.612261,2,7,9_7_2001-12-31
9,2,2001-12-31,0.897387,0.897387,2,2,9_2_2001-12-31
9,4,2001-12-31,6.559570,6.559570,2,4,9_4_2001-12-31
9,5,2001-12-31,1.955830,1.955830,2,5,9_5_2001-12-31
9,3,2001-12-31,1936.270000,1936.270000,2,3,9_3_2001-12-31
4,9,2002-12-31,6.559570,6.559570,2,9,4_9_2002-12-31
1,9,2002-01-01,166.386000,166.386000,2,9,1_9_2002-01-01
7,1,2002-01-01,268.623000,268.623000,2,1,7_1_2002-01-01
1,7,2002-01-01,0.003700,0.003700,2,7,1_7_2002-01-01
5,1,2002-01-01,85.071800,85.071800,2,1,5_1_2002-01-01
9,7,2002-01-01,0.612300,0.612300,2,7,9_7_2002-01-01
9,2,2002-01-01,0.897400,0.897400,2,2,9_2_2002-01-01
9,4,2002-01-01,6.559600,6.559600,2,4,9_4_2002-01-01
9,5,2002-01-01,1.955800,1.955800,2,5,9_5_2002-01-01
9,3,2002-01-01,1936.270000,1936.270000,2,3,9_3_2002-01-01
2,9,2002-01-01,0.897400,0.897400,2,9,2_9_2002-01-01
5,9,2002-01-01,1.955800,1.955800,2,9,5_9_2002-01-01
7,9,2002-01-01,0.612300,0.612300,2,9,7_9_2002-01-01
3,9,2002-01-01,1936.270000,1936.270000,2,9,3_9_2002-01-01
4,9,2002-01-01,6.559600,6.559600,2,9,4_9_2002-01-01
2,9,2001-12-31,0.897387,0.897387,2,9,2_9_2001-12-31
5,9,2001-12-31,1.955830,1.955830,2,9,5_9_2001-12-31
7,9,2001-12-31,0.612261,0.612261,2,9,7_9_2001-12-31
3,9,2001-12-31,1936.270000,1936.270000,2,9,3_9_2001-12-31
4,9,2001-12-31,6.559570,6.559570,2,9,4_9_2001-12-31
9,1,2004-12-31,166.386000,166.386000,2,1,9_1_2004-12-31
1,9,2004-12-31,166.386000,166.386000,2,9,1_9_2004-12-31
9,1,2004-01-01,166.386000,166.386000,1,1,9_1_2004-01-01
9,1,2003-12-31,166.386000,166.386000,1,1,9_1_2003-12-31
1,9,2003-12-31,166.386000,166.386000,1,9,1_9_2003-12-31
9,7,2003-12-31,0.612300,0.612300,1,7,9_7_2003-12-31
1,1,2002-12-31,1.000000,1.000000,1,1,1_1_2002-12-31
9,1,2002-12-31,166.386000,166.386000,1,1,9_1_2002-12-31
1,9,2002-12-31,166.386000,166.386000,1,9,1_9_2002-12-31
9,7,2002-12-31,0.612261,0.612261,1,7,9_7_2002-12-31
9,2,2002-12-31,0.897387,0.897387,1,2,9_2_2002-12-31
9,4,2002-12-31,6.559570,6.559570,1,4,9_4_2002-12-31
9,5,2002-12-31,1.955830,1.955830,1,5,9_5_2002-12-31
9,3,2002-12-31,1936.270000,1936.270000,1,3,9_3_2002-12-31
2,9,2002-12-31,0.897387,0.897387,1,9,2_9_2002-12-31
5,9,2002-12-31,1.955830,1.955830,1,9,5_9_2002-12-31
7,9,2002-12-31,0.612261,0.612261,1,9,7_9_2002-12-31
3,9,2002-12-31,1936.270000,1936.270000,1,9,3_9_2002-12-31
4,9,2002-12-31,6.559570,6.559570,1,9,4_9_2002-12-31
1,9,2004-01-01,166.386000,166.386000,2,9,1_9_2004-01-01
9,1,2004-12-31,166.386000,166.386000,1,1,9_1_2004-12-31
1,9,2004-12-31,166.386000,166.386000,1,9,1_9_2004-12-31
1,1,2005-01-01,1.000000,1.000000,2,1,1_1_2005-01-01
9,1,2005-01-01,166.386000,166.386000,2,1,9_1_2005-01-01
1,9,2005-01-01,166.386000,166.386000,2,9,1_9_2005-01-01
1,1,2005-01-01,1.000000,1.000000,1,1,1_1_2005-01-01
9,1,2005-01-01,166.386000,166.386000,1,1,9_1_2005-01-01
1,9,2005-01-01,166.386000,166.386000,1,9,1_9_2005-01-01
9,1,2005-12-31,1.000000,1.000000,2,1,9_1_2005-12-31
1,9,2005-12-31,1.000000,1.000000,2,9,1_9_2005-12-31
9,1,2005-12-31,1.000000,1.000000,1,1,9_1_2005-12-31
1,9,2005-12-31,1.000000,1.000000,1,9,1_9_2005-12-31
9,2,2010-11-15,0.735290,0.735290,1,2,9_2_2010-11-15
2,9,2010-11-15,1.360000,1.360000,1,9,2_9_2010-11-15
9,2,2011-06-09,1.450000,0.000000,1,2,9_2_2011-06-09
