emp,eje,alm,doc,observacion,faviso,empresa_id,ejercicio_id,almacen_id,name
1,2003,1,8027,,,1,1_2003,1_1,1_2003_8027
1,2004,1,8113,,,1,1_2004,1_1,1_2004_8113
1,2004,1,8115,,,1,1_2004,1_1,1_2004_8115
1,2004,1,8148,,,1,1_2004,1_1,1_2004_8148
1,2004,1,8168,,,1,1_2004,1_1,1_2004_8168
1,2004,1,8172,,,1,1_2004,1_1,1_2004_8172
1,2004,1,8207,,,1,1_2004,1_1,1_2004_8207
1,2004,1,8222,,,1,1_2004,1_1,1_2004_8222
1,2004,1,8223,,,1,1_2004,1_1,1_2004_8223
1,2004,1,8224,,,1,1_2004,1_1,1_2004_8224
1,2004,1,8225,,,1,1_2004,1_1,1_2004_8225
1,2004,1,8226,,,1,1_2004,1_1,1_2004_8226
1,2004,1,8233,,,1,1_2004,1_1,1_2004_8233
1,2004,1,8234,,,1,1_2004,1_1,1_2004_8234
1,2004,1,8238,,,1,1_2004,1_1,1_2004_8238
1,2004,1,8243,,,1,1_2004,1_1,1_2004_8243
1,2004,1,8245,,,1,1_2004,1_1,1_2004_8245
1,2004,1,8248,,,1,1_2004,1_1,1_2004_8248
1,2004,1,8257,,,1,1_2004,1_1,1_2004_8257
1,2004,1,8258,,,1,1_2004,1_1,1_2004_8258
1,2004,1,8260,,,1,1_2004,1_1,1_2004_8260
1,2004,1,8267,,,1,1_2004,1_1,1_2004_8267
1,2004,1,8270,,,1,1_2004,1_1,1_2004_8270
1,2004,1,8271,,,1,1_2004,1_1,1_2004_8271
1,2004,1,8272,,,1,1_2004,1_1,1_2004_8272
1,2004,1,8274,,,1,1_2004,1_1,1_2004_8274
1,2004,1,8275,,,1,1_2004,1_1,1_2004_8275
1,2004,1,8278,,,1,1_2004,1_1,1_2004_8278
1,2004,1,8279,,,1,1_2004,1_1,1_2004_8279
1,2004,1,8280,,,1,1_2004,1_1,1_2004_8280
1,2004,1,8281,,,1,1_2004,1_1,1_2004_8281
1,2004,1,8282,,,1,1_2004,1_1,1_2004_8282
1,2004,1,8283,,,1,1_2004,1_1,1_2004_8283
1,2004,1,8284,,,1,1_2004,1_1,1_2004_8284
1,2004,1,8287,,,1,1_2004,1_1,1_2004_8287
1,2004,1,8288,,,1,1_2004,1_1,1_2004_8288
1,2004,1,8289,,,1,1_2004,1_1,1_2004_8289
1,2004,1,8290,,,1,1_2004,1_1,1_2004_8290
1,2004,1,8291,,,1,1_2004,1_1,1_2004_8291
1,2004,1,8292,,,1,1_2004,1_1,1_2004_8292
1,2004,1,8293,,,1,1_2004,1_1,1_2004_8293
1,2004,1,8294,,,1,1_2004,1_1,1_2004_8294
1,2004,1,8296,,,1,1_2004,1_1,1_2004_8296
1,2004,1,8297,,,1,1_2004,1_1,1_2004_8297
1,2004,1,8298,,,1,1_2004,1_1,1_2004_8298
1,2004,1,8299,,,1,1_2004,1_1,1_2004_8299
1,2004,1,8300,,,1,1_2004,1_1,1_2004_8300
1,2006,1,10645,,,1,1_2006,1_1,1_2006_10645
1,2006,1,10657,,,1,1_2006,1_1,1_2006_10657
1,2006,1,10709,,,1,1_2006,1_1,1_2006_10709
1,2006,1,10750,,,1,1_2006,1_1,1_2006_10750
1,2006,1,10772,,,1,1_2006,1_1,1_2006_10772
1,2006,1,10781,,,1,1_2006,1_1,1_2006_10781
1,2006,1,10795,,,1,1_2006,1_1,1_2006_10795
1,2006,1,10804,,,1,1_2006,1_1,1_2006_10804
1,2006,1,10831,,,1,1_2006,1_1,1_2006_10831
1,2006,1,10834,,,1,1_2006,1_1,1_2006_10834
1,2006,1,10838,,,1,1_2006,1_1,1_2006_10838
1,2006,1,10843,,,1,1_2006,1_1,1_2006_10843
1,2006,1,10850,,,1,1_2006,1_1,1_2006_10850
1,2006,1,10852,,,1,1_2006,1_1,1_2006_10852
1,2006,1,10853,,,1,1_2006,1_1,1_2006_10853
1,2006,1,10854,,,1,1_2006,1_1,1_2006_10854
1,2006,1,10856,,,1,1_2006,1_1,1_2006_10856
1,2006,1,10859,,,1,1_2006,1_1,1_2006_10859
1,2006,1,10862,,,1,1_2006,1_1,1_2006_10862
1,2006,1,10863,,,1,1_2006,1_1,1_2006_10863
1,2006,1,10865,,,1,1_2006,1_1,1_2006_10865
1,2006,1,10911,,,1,1_2006,1_1,1_2006_10911
1,2006,1,10955,,,1,1_2006,1_1,1_2006_10955
1,2006,1,10872,,,1,1_2006,1_1,1_2006_10872
1,2006,1,10874,,,1,1_2006,1_1,1_2006_10874
1,2006,1,10875,,,1,1_2006,1_1,1_2006_10875
1,2006,1,10884,,,1,1_2006,1_1,1_2006_10884
1,2006,1,10887,,,1,1_2006,1_1,1_2006_10887
1,2006,1,10889,,,1,1_2006,1_1,1_2006_10889
1,2006,1,10891,,,1,1_2006,1_1,1_2006_10891
1,2006,1,10892,,,1,1_2006,1_1,1_2006_10892
1,2006,1,10893,,,1,1_2006,1_1,1_2006_10893
1,2006,1,10894,,,1,1_2006,1_1,1_2006_10894
1,2006,1,10972,,,1,1_2006,1_1,1_2006_10972
1,2006,1,10897,,,1,1_2006,1_1,1_2006_10897
1,2006,1,11034,,,1,1_2006,1_1,1_2006_11034
1,2006,1,10899,,,1,1_2006,1_1,1_2006_10899
1,2006,1,11067,,,1,1_2006,1_1,1_2006_11067
1,2007,1,11584,,,1,1_2007,1_1,1_2007_11584
1,2006,1,10868,,,1,1_2006,1_1,1_2006_10868
1,2006,1,10871,,,1,1_2006,1_1,1_2006_10871
1,2006,1,10896,,,1,1_2006,1_1,1_2006_10896
1,2006,1,10898,,,1,1_2006,1_1,1_2006_10898
1,2006,1,10900,,,1,1_2006,1_1,1_2006_10900
1,2006,1,10903,,,1,1_2006,1_1,1_2006_10903
1,2007,1,11732,,,1,1_2007,1_1,1_2007_11732
1,2006,1,10938,,,1,1_2006,1_1,1_2006_10938
1,2006,1,10940,,,1,1_2006,1_1,1_2006_10940
1,2006,1,10947,,,1,1_2006,1_1,1_2006_10947
1,2006,1,10952,,,1,1_2006,1_1,1_2006_10952
1,2006,1,10954,,,1,1_2006,1_1,1_2006_10954
1,2007,1,11740,,,1,1_2007,1_1,1_2007_11740
1,2006,1,10962,,,1,1_2006,1_1,1_2006_10962
1,2006,1,10966,,,1,1_2006,1_1,1_2006_10966
1,2006,1,10968,,,1,1_2006,1_1,1_2006_10968
1,2006,1,10969,,,1,1_2006,1_1,1_2006_10969
1,2006,1,10971,,,1,1_2006,1_1,1_2006_10971
1,2007,1,11753,,,1,1_2007,1_1,1_2007_11753
1,2006,1,10973,,,1,1_2006,1_1,1_2006_10973
1,2006,1,10974,,,1,1_2006,1_1,1_2006_10974
1,2006,1,10976,,,1,1_2006,1_1,1_2006_10976
1,2006,1,10979,,,1,1_2006,1_1,1_2006_10979
1,2006,1,10980,,,1,1_2006,1_1,1_2006_10980
1,2006,1,10981,,,1,1_2006,1_1,1_2006_10981
1,2006,1,10989,,,1,1_2006,1_1,1_2006_10989
1,2006,1,10990,,,1,1_2006,1_1,1_2006_10990
1,2006,1,10992,,,1,1_2006,1_1,1_2006_10992
1,2006,1,10994,,,1,1_2006,1_1,1_2006_10994
1,2006,1,10996,,,1,1_2006,1_1,1_2006_10996
1,2006,1,10997,,,1,1_2006,1_1,1_2006_10997
1,2006,1,10999,,,1,1_2006,1_1,1_2006_10999
1,2006,1,11001,,,1,1_2006,1_1,1_2006_11001
1,2006,1,11002,,,1,1_2006,1_1,1_2006_11002
1,2006,1,11003,,,1,1_2006,1_1,1_2006_11003
1,2006,1,11004,,,1,1_2006,1_1,1_2006_11004
1,2006,1,11005,,,1,1_2006,1_1,1_2006_11005
1,2006,1,11006,,,1,1_2006,1_1,1_2006_11006
1,2006,1,11008,,,1,1_2006,1_1,1_2006_11008
1,2006,1,11009,,,1,1_2006,1_1,1_2006_11009
1,2006,1,11010,,,1,1_2006,1_1,1_2006_11010
1,2006,1,11011,,,1,1_2006,1_1,1_2006_11011
1,2006,1,11012,,,1,1_2006,1_1,1_2006_11012
1,2006,1,11013,,,1,1_2006,1_1,1_2006_11013
1,2006,1,11087,,,1,1_2006,1_1,1_2006_11087
1,2006,1,11106,,,1,1_2006,1_1,1_2006_11106
1,2006,1,11120,,,1,1_2006,1_1,1_2006_11120
1,2006,1,11144,,,1,1_2006,1_1,1_2006_11144
1,2006,1,11164,,,1,1_2006,1_1,1_2006_11164
1,2006,1,11174,,,1,1_2006,1_1,1_2006_11174
1,2006,1,11237,,,1,1_2006,1_1,1_2006_11237
1,2006,1,11243,,,1,1_2006,1_1,1_2006_11243
1,2006,1,11247,,,1,1_2006,1_1,1_2006_11247
1,2006,1,11248,,,1,1_2006,1_1,1_2006_11248
1,2006,1,11250,,,1,1_2006,1_1,1_2006_11250
1,2006,1,11272,,,1,1_2006,1_1,1_2006_11272
1,2006,1,11288,,,1,1_2006,1_1,1_2006_11288
1,2006,1,11289,,,1,1_2006,1_1,1_2006_11289
1,2006,1,11290,,,1,1_2006,1_1,1_2006_11290
1,2006,1,11292,,,1,1_2006,1_1,1_2006_11292
1,2006,1,11293,,,1,1_2006,1_1,1_2006_11293
1,2006,1,11302,,,1,1_2006,1_1,1_2006_11302
1,2006,1,11309,,,1,1_2006,1_1,1_2006_11309
1,2006,1,11317,,,1,1_2006,1_1,1_2006_11317
1,2006,1,11318,,,1,1_2006,1_1,1_2006_11318
1,2006,1,11319,,,1,1_2006,1_1,1_2006_11319
1,2006,1,11320,,,1,1_2006,1_1,1_2006_11320
1,2006,1,11322,,,1,1_2006,1_1,1_2006_11322
1,2006,1,11327,,,1,1_2006,1_1,1_2006_11327
1,2006,1,11328,,,1,1_2006,1_1,1_2006_11328
1,2006,1,11329,,,1,1_2006,1_1,1_2006_11329
1,2006,1,11332,,,1,1_2006,1_1,1_2006_11332
1,2006,1,11333,,,1,1_2006,1_1,1_2006_11333
1,2006,1,11334,,,1,1_2006,1_1,1_2006_11334
1,2006,1,11335,,,1,1_2006,1_1,1_2006_11335
1,2006,1,11336,,,1,1_2006,1_1,1_2006_11336
1,2006,1,11337,,,1,1_2006,1_1,1_2006_11337
1,2006,1,11340,,,1,1_2006,1_1,1_2006_11340
1,2006,1,11342,,,1,1_2006,1_1,1_2006_11342
1,2006,1,11343,,,1,1_2006,1_1,1_2006_11343
1,2006,1,11344,,,1,1_2006,1_1,1_2006_11344
1,2006,1,11345,,,1,1_2006,1_1,1_2006_11345
1,2006,1,11346,,,1,1_2006,1_1,1_2006_11346
1,2006,1,11347,,,1,1_2006,1_1,1_2006_11347
1,2006,1,11348,,,1,1_2006,1_1,1_2006_11348
1,2006,1,11349,,,1,1_2006,1_1,1_2006_11349
1,2006,1,11350,,,1,1_2006,1_1,1_2006_11350
1,2006,1,11351,,,1,1_2006,1_1,1_2006_11351
1,2006,1,11353,,,1,1_2006,1_1,1_2006_11353
1,2006,1,11354,,,1,1_2006,1_1,1_2006_11354
1,2006,1,11355,,,1,1_2006,1_1,1_2006_11355
1,2006,1,11356,,,1,1_2006,1_1,1_2006_11356
1,2006,1,11357,,,1,1_2006,1_1,1_2006_11357
1,2006,1,11358,,,1,1_2006,1_1,1_2006_11358
1,2006,1,11359,,,1,1_2006,1_1,1_2006_11359
1,2007,1,11758,,,1,1_2007,1_1,1_2007_11758
1,2007,1,11761,,,1,1_2007,1_1,1_2007_11761
1,2007,1,11862,,,1,1_2007,1_1,1_2007_11862
1,2007,1,11871,,,1,1_2007,1_1,1_2007_11871
1,2007,1,11872,,,1,1_2007,1_1,1_2007_11872
1,2007,1,11873,,,1,1_2007,1_1,1_2007_11873
1,2007,1,11886,,,1,1_2007,1_1,1_2007_11886
1,2007,1,11889,,,1,1_2007,1_1,1_2007_11889
1,2007,1,11918,,,1,1_2007,1_1,1_2007_11918
1,2007,1,11955,,,1,1_2007,1_1,1_2007_11955
1,2007,1,11969,,,1,1_2007,1_1,1_2007_11969
1,2007,1,11974,,,1,1_2007,1_1,1_2007_11974
1,2007,1,11978,,,1,1_2007,1_1,1_2007_11978
1,2007,1,11984,,,1,1_2007,1_1,1_2007_11984
1,2007,1,11991,,,1,1_2007,1_1,1_2007_11991
1,2007,1,11992,,,1,1_2007,1_1,1_2007_11992
1,2007,1,11993,,,1,1_2007,1_1,1_2007_11993
1,2007,1,11994,,,1,1_2007,1_1,1_2007_11994
1,2007,1,11995,,,1,1_2007,1_1,1_2007_11995
1,2007,1,11996,,,1,1_2007,1_1,1_2007_11996
1,2007,1,12001,,,1,1_2007,1_1,1_2007_12001
1,2007,1,12002,,,1,1_2007,1_1,1_2007_12002
1,2007,1,12004,,,1,1_2007,1_1,1_2007_12004
1,2007,1,12010,,,1,1_2007,1_1,1_2007_12010
1,2007,1,12014,,,1,1_2007,1_1,1_2007_12014
1,2007,1,12015,,,1,1_2007,1_1,1_2007_12015
1,2007,1,12017,,,1,1_2007,1_1,1_2007_12017
1,2007,1,12019,,,1,1_2007,1_1,1_2007_12019
1,2007,1,12020,,,1,1_2007,1_1,1_2007_12020
1,2007,1,12021,,,1,1_2007,1_1,1_2007_12021
1,2007,1,12024,,,1,1_2007,1_1,1_2007_12024
1,2007,1,12025,,,1,1_2007,1_1,1_2007_12025
1,2007,1,12026,,,1,1_2007,1_1,1_2007_12026
1,2007,1,12027,,,1,1_2007,1_1,1_2007_12027
1,2007,1,12031,,,1,1_2007,1_1,1_2007_12031
1,2007,1,12032,,,1,1_2007,1_1,1_2007_12032
1,2007,1,12034,,,1,1_2007,1_1,1_2007_12034
1,2007,1,12037,,,1,1_2007,1_1,1_2007_12037
1,2007,1,12038,,,1,1_2007,1_1,1_2007_12038
1,2007,1,12040,,,1,1_2007,1_1,1_2007_12040
1,2007,1,12041,,,1,1_2007,1_1,1_2007_12041
1,2007,1,12042,,,1,1_2007,1_1,1_2007_12042
1,2007,1,12043,,,1,1_2007,1_1,1_2007_12043
1,2007,1,12044,,,1,1_2007,1_1,1_2007_12044
1,2007,1,12045,,,1,1_2007,1_1,1_2007_12045
1,2007,1,12046,,,1,1_2007,1_1,1_2007_12046
1,2007,1,12047,,,1,1_2007,1_1,1_2007_12047
1,2007,1,12048,,,1,1_2007,1_1,1_2007_12048
1,2007,1,12049,,,1,1_2007,1_1,1_2007_12049
1,2007,1,12050,,,1,1_2007,1_1,1_2007_12050
1,2009,1,13983,,,1,1_2009,1_1,1_2009_13983
1,2009,1,13984,,,1,1_2009,1_1,1_2009_13984
1,2009,1,13986,,,1,1_2009,1_1,1_2009_13986
1,2009,1,13989,,,1,1_2009,1_1,1_2009_13989
1,2009,1,13990,,,1,1_2009,1_1,1_2009_13990
1,2009,1,13996,,,1,1_2009,1_1,1_2009_13996
1,2009,1,13997,,,1,1_2009,1_1,1_2009_13997
1,2009,1,13998,,,1,1_2009,1_1,1_2009_13998
1,2009,1,14001,,,1,1_2009,1_1,1_2009_14001
1,2009,1,14002,,,1,1_2009,1_1,1_2009_14002
1,2009,1,14003,,,1,1_2009,1_1,1_2009_14003
1,2009,1,14006,,,1,1_2009,1_1,1_2009_14006
1,2009,1,14008,,,1,1_2009,1_1,1_2009_14008
1,2009,1,14009,,,1,1_2009,1_1,1_2009_14009
1,2009,1,14012,,,1,1_2009,1_1,1_2009_14012
1,2009,1,14019,,,1,1_2009,1_1,1_2009_14019
1,2009,1,14022,,,1,1_2009,1_1,1_2009_14022
1,2009,1,14023,,,1,1_2009,1_1,1_2009_14023
1,2009,1,14024,,,1,1_2009,1_1,1_2009_14024
1,2009,1,14026,,,1,1_2009,1_1,1_2009_14026
1,2009,1,14027,,,1,1_2009,1_1,1_2009_14027
1,2009,1,14028,,,1,1_2009,1_1,1_2009_14028
1,2009,1,14029,,,1,1_2009,1_1,1_2009_14029
1,2009,1,14031,,,1,1_2009,1_1,1_2009_14031
1,2009,1,14032,,,1,1_2009,1_1,1_2009_14032
1,2009,1,14033,,,1,1_2009,1_1,1_2009_14033
1,2009,1,14034,,,1,1_2009,1_1,1_2009_14034
1,2010,1,14340,,,1,1_2010,1_1,1_2010_14340
1,2010,1,14384,,,1,1_2010,1_1,1_2010_14384
1,2010,1,14386,,,1,1_2010,1_1,1_2010_14386
1,2010,1,14410,,,1,1_2010,1_1,1_2010_14410
1,2010,1,14417,,,1,1_2010,1_1,1_2010_14417
1,2010,1,14418,,,1,1_2010,1_1,1_2010_14418
1,2010,1,14424,,,1,1_2010,1_1,1_2010_14424
1,2010,1,14425,,,1,1_2010,1_1,1_2010_14425
1,2010,1,14429,,,1,1_2010,1_1,1_2010_14429
1,2010,1,14430,,,1,1_2010,1_1,1_2010_14430
1,2010,1,14439,,,1,1_2010,1_1,1_2010_14439
1,2010,1,14440,,,1,1_2010,1_1,1_2010_14440
1,2010,1,14441,,,1,1_2010,1_1,1_2010_14441
1,2010,1,14446,,,1,1_2010,1_1,1_2010_14446
1,2010,1,14447,,,1,1_2010,1_1,1_2010_14447
1,2010,1,14450,,,1,1_2010,1_1,1_2010_14450
1,2010,1,14452,,,1,1_2010,1_1,1_2010_14452
1,2010,1,14453,,,1,1_2010,1_1,1_2010_14453
1,2010,1,14454,,,1,1_2010,1_1,1_2010_14454
1,2010,1,14455,,,1,1_2010,1_1,1_2010_14455
1,2010,1,14458,,,1,1_2010,1_1,1_2010_14458
1,2010,1,14459,,,1,1_2010,1_1,1_2010_14459
1,2010,1,14460,,,1,1_2010,1_1,1_2010_14460
1,2010,1,14461,,,1,1_2010,1_1,1_2010_14461
1,2010,1,14462,,,1,1_2010,1_1,1_2010_14462
1,2011,1,11015220,,,1,1_2011,1_1,1_2011_11015220
1,2011,1,11015121,,,1,1_2011,1_1,1_2011_11015121
1,2011,1,11015253,,,1,1_2011,1_1,1_2011_11015253
1,2011,1,11015129,,,1,1_2011,1_1,1_2011_11015129
1,2011,1,11015269,,,1,1_2011,1_1,1_2011_11015269
1,2011,1,11015151,,,1,1_2011,1_1,1_2011_11015151
1,2011,1,11015201,,,1,1_2011,1_1,1_2011_11015201
1,2011,1,11015234,,,1,1_2011,1_1,1_2011_11015234
1,2011,1,11015242,,,1,1_2011,1_1,1_2011_11015242
1,2011,1,11015259,,,1,1_2011,1_1,1_2011_11015259
1,2011,1,11015248,,,1,1_2011,1_1,1_2011_11015248
1,2011,1,11015261,,,1,1_2011,1_1,1_2011_11015261
1,2011,1,11015267,,,1,1_2011,1_1,1_2011_11015267
1,2011,1,11015213,,,1,1_2011,1_1,1_2011_11015213
1,2011,1,11015255,,,1,1_2011,1_1,1_2011_11015255
1,2011,1,11015263,,,1,1_2011,1_1,1_2011_11015263
1,2011,1,11015231,,,1,1_2011,1_1,1_2011_11015231
1,2011,1,11015120,,,1,1_2011,1_1,1_2011_11015120
1,2011,1,11015029,,,1,1_2011,1_1,1_2011_11015029
1,2011,1,11015257,,,1,1_2011,1_1,1_2011_11015257
1,2011,1,11014960,,,1,1_2011,1_1,1_2011_11014960
1,2011,1,11015166,,,1,1_2011,1_1,1_2011_11015166
1,2011,1,11015265,,,1,1_2011,1_1,1_2011_11015265
1,2011,1,11015223,,,1,1_2011,1_1,1_2011_11015223
1,2011,1,11015268,,,1,1_2011,1_1,1_2011_11015268
1,2012,1,12000025,,,1,1_2012,1_1,1_2012_12000025
1,2012,1,12000022,,,1,1_2012,1_1,1_2012_12000022
1,2012,1,12000024,,,1,1_2012,1_1,1_2012_12000024
1,2012,1,12000026,,,1,1_2012,1_1,1_2012_12000026
1,2012,1,12000014,,,1,1_2012,1_1,1_2012_12000014
1,2012,1,12000011,,,1,1_2012,1_1,1_2012_12000011
1,2012,1,12000021,,,1,1_2012,1_1,1_2012_12000021
1,2012,1,12000012,,,1,1_2012,1_1,1_2012_12000012
1,2012,1,12000017,,,1,1_2012,1_1,1_2012_12000017
1,2012,1,12000019,,,1,1_2012,1_1,1_2012_12000019
1,2012,1,12000023,,,1,1_2012,1_1,1_2012_12000023
1,2012,1,12000009,,,1,1_2012,1_1,1_2012_12000009
1,2012,1,12000005,,,1,1_2012,1_1,1_2012_12000005
1,2012,1,12000007,,,1,1_2012,1_1,1_2012_12000007
1,2012,1,12000020,,,1,1_2012,1_1,1_2012_12000020
1,2012,1,12000015,,,1,1_2012,1_1,1_2012_12000015
1,2012,1,12000016,,,1,1_2012,1_1,1_2012_12000016
1,2011,1,11015626,,,1,1_2011,1_1,1_2011_11015626
1,2011,1,11015620,,,1,1_2011,1_1,1_2011_11015620
