empresa,tpv,codigo_pago,empresa_id,codigo_pago_id,name
1,1,1,1,1,1_1_1
1,1,2,1,2,1_1_2
1,1,3,1,3,1_1_3
1,1,4,1,4,1_1_4
1,1,5,1,5,1_1_5
1,1,6,1,6,1_1_6
1,1,7,1,7,1_1_7
1,1,8,1,8,1_1_8
1,1,9,1,9,1_1_9
1,1,10,1,10,1_1_10
1,1,11,1,11,1_1_11
1,1,12,1,12,1_1_12
1,1,13,1,13,1_1_13
1,1,14,1,14,1_1_14
1,1,15,1,15,1_1_15
1,1,100,1,100,1_1_100
1,1,125,1,125,1_1_125
1,1,150,1,150,1_1_150
1,1,175,1,175,1_1_175
1,1,200,1,200,1_1_200
1,1,225,1,225,1_1_225
1,1,250,1,250,1_1_250
1,1,275,1,275,1_1_275
1,1,300,1,300,1_1_300
1,1,325,1,325,1_1_325
1,1,350,1,350,1_1_350
1,1,375,1,375,1_1_375
1,1,400,1,400,1_1_400
1,1,425,1,425,1_1_425
1,1,900,1,900,1_1_900
1,1,901,1,901,1_1_901
